run,init_q25,init_med,init_q75,final_q25,final_med,final_q75,landing_value,landing_i,landing_j
1,0,0,0,0,0,0,17.037778214483076,0,0
2,0,0,0,0,0,0,24.218060179018128,0,0
3,0,0,0,0,0,0,22.52934885733559,0,0
4,0,0,0,0,0,0,20.710504978300417,0,0
5,0,0,0,0,0,0,17.463170625011497,0,0
6,0,0,0,0,0,0,19.28931461940335,0,0
7,0,0,0,0,0,0,14.99373013316529,0,0
8,0,0,0,0,0,0,19.235993061939975,0,0
9,0,0,0,0,0,0,18.98874836020679,0,0
10,0,0,0,0,0,0,14.109017543552245,0,0
11,0,0,0,0,0,0,16.625443385127646,0,0
12,0,0,0,0,0,0,15.192226954178775,0,0
13,0,0,0,0,0,0,14.899303171788093,0,0
14,0,0,0,0,0,0,16.448877836585034,0,0
15,0,0,0,0,0,0,14.692203281669233,0,0
16,0,0,0,0,0,0,16.42708548507182,0,0
17,0,0,0,0,0,0,17.19179927103014,0,0
18,0,0,0,0,0,0,17.83864778348532,0,0
19,0,0,0,0,0,0,19.009714761459747,0,0
20,0,0,0,0,0,0,19.12390397179364,0,0
21,0,0,0,0,0,0,17.130765241695563,0,0
22,0,0,0,0,0,0,14.831912100969,0,0
23,0,0,0,0,0,0,16.98271581338839,0,0
24,0,0,0,0,0,0,22.551481478853496,0,0
25,0,0,0,0,0,0,19.291953937606774,0,0
26,0,0,0,0,0,0,21.89105992038342,0,0
27,0,0,0,0,0,0,14.346167832752318,0,0
28,0,0,0,0,0,0,19.189408797189593,0,0
29,0,0,0,0,0,0,17.862280468295577,0,0
30,0,0,0,0,0,0,17.212285900900213,0,0
31,0,0,0,0,0,0,14.22144707950973,0,0
32,0,0,0,0,0,0,18.756486392434354,0,0
33,0,0,0,0,0,0,21.229873376786994,0,0
34,0,0,0,0,0,0,19.70323368643356,0,0
35,0,0,0,0,0,0,15.549935386626636,0,0
36,0,0,0,0,0,0,17.80973568242333,0,0
37,0,0,0,0,0,0,24.068701503298044,0,0
38,0,0,0,0,0,0,22.9965083361948,0,0
39,0,0,0,0,0,0,17.21936039332462,0,0
40,0,0,0,0,0,0,22.3915887154658,0,0
41,0,0,0,0,0,0,20.27686681113731,0,0
42,0,0,0,0,0,0,13.62842329909729,0,0
43,0,0,0,0,0,0,18.893666316924588,0,0
44,0,0,0,0,0,0,19.516928401885117,0,0
45,0,0,0,0,0,0,18.660230387759725,0,0
46,0,0,0,0,0,0,21.954695502847393,0,0
47,0,0,0,0,0,0,15.242800237432627,0,0
48,0,0,0,0,0,0,22.042498431600553,0,0
49,0,0,0,0,0,0,20.097765245042126,0,0
50,0,0,0,0,0,0,17.336958416889335,0,0
51,0,0,0,0,0,0,15.87242657845519,0,0
52,0,0,0,0,0,0,24.646741238131085,0,0
53,0,0,0,0,0,0,16.89730181236229,0,0
54,0,0,0,0,0,0,17.86776165663114,0,0
55,0,0,0,0,0,0,20.422120157738522,0,0
56,0,0,0,0,0,0,18.584258214237867,0,0
57,0,0,0,0,0,0,22.43256716657504,0,0
58,0,0,0,0,0,0,19.95207754574351,0,0
59,0,0,0,0,0,0,16.59400831872417,0,0
60,0,0,0,0,0,0,15.70984745795192,0,0
61,0,0,0,0,0,0,18.949462316920428,0,0
62,0,0,0,0,0,0,16.02936804921015,0,0
63,0,0,0,0,0,0,18.780471219702633,0,0
64,0,0,0,0,0,0,16.180089297207076,0,0
65,0,0,0,0,0,0,19.185008857971965,0,0
66,0,0,0,0,0,0,16.451424465165523,0,0
67,0,0,0,0,0,0,15.897591843221086,0,0
68,0,0,0,0,0,0,13.412546187952726,0,0
69,0,0,0,0,0,0,17.87387847008757,0,0
70,0,0,0,0,0,0,15.606684954777565,0,0
71,0,0,0,0,0,0,20.516596520195982,0,0
72,0,0,0,0,0,0,15.024398141224424,0,0
73,0,0,0,0,0,0,16.766050447422145,0,0
74,0,0,0,0,0,0,16.930583776522454,0,0
75,0,0,0,0,0,0,21.757921857350098,0,0
76,0,0,0,0,0,0,15.522931362975857,0,0
77,0,0,0,0,0,0,16.693662732083318,0,0
78,0,0,0,0,0,0,19.981613050500265,0,0
79,0,0,0,0,0,0,17.619608555170615,0,0
80,0,0,0,0,0,0,20.399580078239225,0,0
81,0,0,0,0,0,0,23.47850922067243,0,0
82,0,0,0,0,0,0,14.596056546640572,0,0
83,0,0,0,0,0,0,20.66283095905053,0,0
84,0,0,0,0,0,0,16.956002670682924,0,0
85,0,0,0,0,0,0,21.029108267869468,0,0
86,0,0,0,0,0,0,16.184305032218912,0,0
87,0,0,0,0,0,0,15.239461057930068,0,0
88,0,0,0,0,0,0,15.933646809472368,0,0
89,0,0,0,0,0,0,17.00093488410037,0,0
90,0,0,0,0,0,0,15.030074773162596,0,0
91,0,0,0,0,0,0,13.383540713170433,0,0
92,0,0,0,0,0,0,18.681848056421128,0,0
93,0,0,0,0,0,0,19.801736365399208,0,0
94,0,0,0,0,0,0,19.561787752508785,0,0
95,0,0,0,0,0,0,17.51092327870548,0,0
96,0,0,0,0,0,0,15.067273499345648,0,0
97,0,0,0,0,0,0,17.178998673942317,0,0
98,0,0,0,0,0,0,15.24483037317562,0,0
99,0,0,0,0,0,0,18.861087473249757,0,0
100,0,0,0,0,0,0,21.736264056555477,0,0
101,0,0,0,0,0,0,16.938208811132306,0,0
102,0,0,0,0,0,0,17.910571384759074,0,0
103,0,0,0,0,0,0,17.31598653279508,0,0
104,0,0,0,0,0,0,17.123764431244602,0,0
105,0,0,0,0,0,0,17.0550370002056,0,0
106,0,0,0,0,0,0,23.429010457125834,0,0
107,0,0,0,0,0,0,17.00985687994665,0,0
108,0,0,0,0,0,0,16.437627985245044,0,0
109,0,0,0,0,0,0,18.341810281710284,0,0
110,0,0,0,0,0,0,24.83437652276758,0,0
111,0,0,0,0,0,0,17.76088422544464,0,0
112,0,0,0,0,0,0,14.535192826671363,0,0
113,0,0,0,0,0,0,15.234443600688111,0,0
114,0,0,0,0,0,0,18.63334154674616,0,0
115,0,0,0,0,0,0,19.603774243131365,0,0
116,0,0,0,0,0,0,20.616681414651598,0,0
117,0,0,0,0,0,0,19.83129073346216,0,0
118,0,0,0,0,0,0,11.014367564679166,0,0
119,0,0,0,0,0,0,14.196813062539245,0,0
120,0,0,0,0,0,0,18.9330850495695,0,0
121,0,0,0,0,0,0,19.513030753807485,0,0
122,0,0,0,0,0,0,17.71105540764384,0,0
123,0,0,0,0,0,0,19.473988568303525,0,0
124,0,0,0,0,0,0,19.896648144000654,0,0
125,0,0,0,0,0,0,13.666763757013358,0,0
126,0,0,0,0,0,0,20.010074505862516,0,0
127,0,0,0,0,0,0,17.34821231232959,0,0
128,0,0,0,0,0,0,23.81083650400153,0,0
129,0,0,0,0,0,0,17.462594635093122,0,0
130,0,0,0,0,0,0,18.001277481652828,0,0
131,0,0,0,0,0,0,21.012874154145646,0,0
132,0,0,0,0,0,0,18.154995501259236,0,0
133,0,0,0,0,0,0,18.189493204233777,0,0
134,0,0,0,0,0,0,17.98114736453554,0,0
135,0,0,0,0,0,0,16.72034096457691,0,0
136,0,0,0,0,0,0,18.38359210767208,0,0
137,0,0,0,0,0,0,18.267388983577845,0,0
138,0,0,0,0,0,0,19.26003018542393,0,0
139,0,0,0,0,0,0,13.836525563489362,0,0
140,0,0,0,0,0,0,22.816744404868416,0,0
141,0,0,0,0,0,0,18.836115756542526,0,0
142,0,0,0,0,0,0,27.59586896256957,0,0
143,0,0,0,0,0,0,13.497275652847772,0,0
144,0,0,0,0,0,0,18.428867314742458,0,0
145,0,0,0,0,0,0,18.32007553101924,0,0
146,0,0,0,0,0,0,15.557633123504129,0,0
147,0,0,0,0,0,0,20.905208455843482,0,0
148,0,0,0,0,0,0,21.105882991443806,0,0
149,0,0,0,0,0,0,21.76054051154543,0,0
150,0,0,0,0,0,0,19.730843496826513,0,0
151,0,0,0,0,0,0,17.022439657481577,0,0
152,0,0,0,0,0,0,17.08594206529242,0,0
153,0,0,0,0,0,0,16.617231781593574,0,0
154,0,0,0,0,0,0,17.202480271899773,0,0
155,0,0,0,0,0,0,17.907122779279163,0,0
156,0,0,0,0,0,0,18.86589439651405,0,0
157,0,0,0,0,0,0,21.92712967232651,0,0
158,0,0,0,0,0,0,19.869640477709716,0,0
159,0,0,0,0,0,0,10.87296202755968,0,0
160,0,0,0,0,0,0,15.683300565025696,0,0
161,0,0,0,0,0,0,17.909563132958034,0,0
162,0,0,0,0,0,0,23.072724823586583,0,0
163,0,0,0,0,0,0,13.370125217589937,0,0
164,0,0,0,0,0,0,17.556532324435,0,0
165,0,0,0,0,0,0,19.36467631369609,0,0
166,0,0,0,0,0,0,16.64074776454531,0,0
167,0,0,0,0,0,0,17.722928125637146,0,0
168,0,0,0,0,0,0,12.522526344894551,0,0
169,0,0,0,0,0,0,19.230457869352797,0,0
170,0,0,0,0,0,0,20.2492889228708,0,0
171,0,0,0,0,0,0,16.767081060111558,0,0
172,0,0,0,0,0,0,20.952656612935154,0,0
173,0,0,0,0,0,0,15.776759123813118,0,0
174,0,0,0,0,0,0,19.030781432681735,0,0
175,0,0,0,0,0,0,19.983812547160714,0,0
176,0,0,0,0,0,0,18.14153406491153,0,0
177,0,0,0,0,0,0,16.81197922592485,0,0
178,0,0,0,0,0,0,18.91115548372831,0,0
179,0,0,0,0,0,0,15.760201724109328,0,0
180,0,0,0,0,0,0,21.680618957198558,0,0
181,0,0,0,0,0,0,19.834662276527713,0,0
182,0,0,0,0,0,0,18.385469139532677,0,0
183,0,0,0,0,0,0,17.059501751613357,0,0
184,0,0,0,0,0,0,17.046392759598767,0,0
185,0,0,0,0,0,0,18.550914667367877,0,0
186,0,0,0,0,0,0,15.612347269499015,0,0
187,0,0,0,0,0,0,18.799161875081882,0,0
188,0,0,0,0,0,0,18.047711629294493,0,0
189,0,0,0,0,0,0,10.733220092675868,0,0
190,0,0,0,0,0,0,20.352022317104215,0,0
191,0,0,0,0,0,0,17.317084037105086,0,0
192,0,0,0,0,0,0,17.801709125927914,0,0
193,0,0,0,0,0,0,16.124740421501205,0,0
194,0,0,0,0,0,0,18.19546976564638,0,0
195,0,0,0,0,0,0,19.4367142637322,0,0
196,0,0,0,0,0,0,26.766730076626942,0,0
197,0,0,0,0,0,0,13.806674572128248,0,0
198,0,0,0,0,0,0,21.206275753783174,0,0
199,0,0,0,0,0,0,15.904855861646201,0,0
200,0,0,0,0,0,0,24.250904328250527,0,0
201,0,0,0,0,0,0,17.779345507164173,0,0
202,0,0,0,0,0,0,17.58034795027328,0,0
203,0,0,0,0,0,0,19.120741057861682,0,0
204,0,0,0,0,0,0,21.36880899891215,0,0
205,0,0,0,0,0,0,17.58679860182385,0,0
206,0,0,0,0,0,0,16.268862901111007,0,0
207,0,0,0,0,0,0,15.127923923794633,0,0
208,0,0,0,0,0,0,17.908999798482416,0,0
209,0,0,0,0,0,0,15.040846334895075,0,0
210,0,0,0,0,0,0,23.34079497817773,0,0
211,0,0,0,0,0,0,13.345594103673726,0,0
212,0,0,0,0,0,0,16.895463596021273,0,0
213,0,0,0,0,0,0,16.20270457798899,0,0
214,0,0,0,0,0,0,26.994435087956223,0,0
215,0,0,0,0,0,0,15.793332741536554,0,0
216,0,0,0,0,0,0,16.69015955563995,0,0
217,0,0,0,0,0,0,23.69297033662849,0,0
218,0,0,0,0,0,0,11.924004247137315,0,0
219,0,0,0,0,0,0,18.244832039025,0,0
220,0,0,0,0,0,0,17.39242268047102,0,0
221,0,0,0,0,0,0,16.22566427713197,0,0
222,0,0,0,0,0,0,15.7558467536096,0,0
223,0,0,0,0,0,0,17.71214818900374,0,0
224,0,0,0,0,0,0,16.498911296433505,0,0
225,0,0,0,0,0,0,16.573076938499298,0,0
226,0,0,0,0,0,0,18.562612216466967,0,0
227,0,0,0,0,0,0,24.979908118953126,0,0
228,0,0,0,0,0,0,15.456209113112742,0,0
229,0,0,0,0,0,0,15.20932466439746,0,0
230,0,0,0,0,0,0,15.965521836744133,0,0
231,0,0,0,0,0,0,23.232014200683956,0,0
232,0,0,0,0,0,0,17.7447053122474,0,0
233,0,0,0,0,0,0,19.939065524936368,0,0
234,0,0,0,0,0,0,21.665162076499318,0,0
235,0,0,0,0,0,0,15.376287498300567,0,0
236,0,0,0,0,0,0,13.42608816971755,0,0
237,0,0,0,0,0,0,19.91008706842624,0,0
238,0,0,0,0,0,0,18.91835965420097,0,0
239,0,0,0,0,0,0,21.715288000574976,0,0
240,0,0,0,0,0,0,16.015105155692254,0,0
241,0,0,0,0,0,0,20.205525870704815,0,0
242,0,0,0,0,0,0,19.312918417421628,0,0
243,0,0,0,0,0,0,14.75747071778433,0,0
244,0,0,0,0,0,0,18.80094006331313,0,0
245,0,0,0,0,0,0,17.086037093012607,0,0
246,0,0,0,0,0,0,18.242099379994663,0,0
247,0,0,0,0,0,0,19.068788811547783,0,0
248,0,0,0,0,0,0,18.85123020322907,0,0
249,0,0,0,0,0,0,17.283094323457327,0,0
250,0,0,0,0,0,0,16.89538640170474,0,0
251,0,0,0,0,0,0,17.066368918947234,0,0
252,0,0,0,0,0,0,16.352266344667306,0,0
253,0,0,0,0,0,0,18.130669839228254,0,0
254,0,0,0,0,0,0,17.46409774483697,0,0
255,0,0,0,0,0,0,19.888997716226427,0,0
256,0,0,0,0,0,0,15.437208171325047,0,0
257,0,0,0,0,0,0,13.309162692574255,0,0
258,0,0,0,0,0,0,18.85352805672523,0,0
259,0,0,0,0,0,0,18.30881197905864,0,0
260,0,0,0,0,0,0,16.398113743487073,0,0
261,0,0,0,0,0,0,15.733603286727408,0,0
262,0,0,0,0,0,0,16.112284271684032,0,0
263,0,0,0,0,0,0,18.270649646652203,0,0
264,0,0,0,0,0,0,21.489792530204472,0,0
265,0,0,0,0,0,0,22.98773947632261,0,0
266,0,0,0,0,0,0,14.421302348202218,0,0
267,0,0,0,0,0,0,15.823526857957201,0,0
268,0,0,0,0,0,0,20.38179224011032,0,0
269,0,0,0,0,0,0,17.88251375164026,0,0
270,0,0,0,0,0,0,19.392117607150073,0,0
271,0,0,0,0,0,0,19.50056184450909,0,0
272,0,0,0,0,0,0,20.075391980132487,0,0
273,0,0,0,0,0,0,23.56833558706148,0,0
274,0,0,0,0,0,0,16.84055558871272,0,0
275,0,0,0,0,0,0,15.485683925979416,0,0
276,0,0,0,0,0,0,21.607442499070334,0,0
277,0,0,0,0,0,0,18.192214347982393,0,0
278,0,0,0,0,0,0,21.586638781380913,0,0
279,0,0,0,0,0,0,16.88353949280722,0,0
280,0,0,0,0,0,0,18.308633085521734,0,0
281,0,0,0,0,0,0,19.816321462745748,0,0
282,0,0,0,0,0,0,18.53558281839814,0,0
283,0,0,0,0,0,0,23.061446867070202,0,0
284,0,0,0,0,0,0,19.982819073746267,0,0
285,0,0,0,0,0,0,15.280683560108782,0,0
286,0,0,0,0,0,0,17.024899199091585,0,0
287,0,0,0,0,0,0,14.073983897767448,0,0
288,0,0,0,0,0,0,16.491938101998233,0,0
289,0,0,0,0,0,0,17.021946911863356,0,0
290,0,0,0,0,0,0,24.33552220751583,0,0
291,0,0,0,0,0,0,11.998295538413847,0,0
292,0,0,0,0,0,0,17.913063707915107,0,0
293,0,0,0,0,0,0,19.727955772871116,0,0
294,0,0,0,0,0,0,17.485773554014752,0,0
295,0,0,0,0,0,0,16.666424878785556,0,0
296,0,0,0,0,0,0,20.69262067378063,0,0
297,0,0,0,0,0,0,22.53525320794345,0,0
298,0,0,0,0,0,0,20.423694858347325,0,0
299,0,0,0,0,0,0,18.59099658806462,0,0
300,0,0,0,0,0,0,16.99511446082301,0,0
301,0,0,0,0,0,0,18.492806667947647,0,0
302,0,0,0,0,0,0,14.882966079036702,0,0
303,0,0,0,0,0,0,16.926266385660252,0,0
304,0,0,0,0,0,0,15.715150874578038,0,0
305,0,0,0,0,0,0,15.267120108338105,0,0
306,0,0,0,0,0,0,15.584084867342998,0,0
307,0,0,0,0,0,0,16.422881179129135,0,0
308,0,0,0,0,0,0,14.559684751050607,0,0
309,0,0,0,0,0,0,18.578287298946357,0,0
310,0,0,0,0,0,0,16.671402491197053,0,0
311,0,0,0,0,0,0,19.86831508569709,0,0
312,0,0,0,0,0,0,12.907943962332222,0,0
313,0,0,0,0,0,0,15.044131097269073,0,0
314,0,0,0,0,0,0,17.85731539989481,0,0
315,0,0,0,0,0,0,18.34056221796626,0,0
316,0,0,0,0,0,0,21.591913082143364,0,0
317,0,0,0,0,0,0,17.66426263682472,0,0
318,0,0,0,0,0,0,17.118940437516912,0,0
319,0,0,0,0,0,0,17.979894869384864,0,0
320,0,0,0,0,0,0,20.483345598602625,0,0
321,0,0,0,0,0,0,16.990721634717552,0,0
322,0,0,0,0,0,0,18.857369207122122,0,0
323,0,0,0,0,0,0,20.49407369721075,0,0
324,0,0,0,0,0,0,21.37831730407251,0,0
325,0,0,0,0,0,0,13.806162994092169,0,0
326,0,0,0,0,0,0,18.129175368648927,0,0
327,0,0,0,0,0,0,17.790575392090005,0,0
328,0,0,0,0,0,0,17.979621319733504,0,0
329,0,0,0,0,0,0,14.448500642744927,0,0
330,0,0,0,0,0,0,18.829253095674524,0,0
331,0,0,0,0,0,0,16.884114580888813,0,0
332,0,0,0,0,0,0,14.224380050992586,0,0
333,0,0,0,0,0,0,21.56991705574209,0,0
334,0,0,0,0,0,0,14.870470923120887,0,0
335,0,0,0,0,0,0,17.36548036147243,0,0
336,0,0,0,0,0,0,17.93420918759461,0,0
337,0,0,0,0,0,0,20.594254460231575,0,0
338,0,0,0,0,0,0,17.776812570281184,0,0
339,0,0,0,0,0,0,18.77196789600799,0,0
340,0,0,0,0,0,0,17.812801926413222,0,0
341,0,0,0,0,0,0,18.56956640928336,0,0
342,0,0,0,0,0,0,21.023503569876887,0,0
343,0,0,0,0,0,0,16.703286580874018,0,0
344,0,0,0,0,0,0,16.355342436798228,0,0
345,0,0,0,0,0,0,19.547678702503685,0,0
346,0,0,0,0,0,0,22.37580343804698,0,0
347,0,0,0,0,0,0,14.240734592185476,0,0
348,0,0,0,0,0,0,16.863054660001296,0,0
349,0,0,0,0,0,0,18.44726868150849,0,0
350,0,0,0,0,0,0,15.270942220516718,0,0
351,0,0,0,0,0,0,12.983374598673482,0,0
352,0,0,0,0,0,0,20.439587647893617,0,0
353,0,0,0,0,0,0,16.138310727245525,0,0
354,0,0,0,0,0,0,20.642973001723085,0,0
355,0,0,0,0,0,0,16.364520458102316,0,0
356,0,0,0,0,0,0,19.309658786148127,0,0
357,0,0,0,0,0,0,17.320738640836357,0,0
358,0,0,0,0,0,0,22.099106940258718,0,0
359,0,0,0,0,0,0,18.376246408137202,0,0
360,0,0,0,0,0,0,15.504822764610083,0,0
361,0,0,0,0,0,0,13.197717898595105,0,0
362,0,0,0,0,0,0,19.233957764877047,0,0
363,0,0,0,0,0,0,17.879321778526364,0,0
364,0,0,0,0,0,0,16.633554962431628,0,0
365,0,0,0,0,0,0,18.465669816281782,0,0
366,0,0,0,0,0,0,15.123902861280758,0,0
367,0,0,0,0,0,0,16.670047702271326,0,0
368,0,0,0,0,0,0,19.637655789288182,0,0
369,0,0,0,0,0,0,16.304745182240655,0,0
370,0,0,0,0,0,0,14.455108389386407,0,0
371,0,0,0,0,0,0,19.580397462818016,0,0
372,0,0,0,0,0,0,14.942232423233655,0,0
373,0,0,0,0,0,0,15.85797193662227,0,0
374,0,0,0,0,0,0,16.88341348115,0,0
375,0,0,0,0,0,0,18.940668640003633,0,0
376,0,0,0,0,0,0,19.04306997186866,0,0
377,0,0,0,0,0,0,18.899065890394283,0,0
378,0,0,0,0,0,0,21.03722541350203,0,0
379,0,0,0,0,0,0,18.79871585487269,0,0
380,0,0,0,0,0,0,20.058173863714067,0,0
381,0,0,0,0,0,0,15.369692371805261,0,0
382,0,0,0,0,0,0,16.716481614067806,0,0
383,0,0,0,0,0,0,21.78700816283561,0,0
384,0,0,0,0,0,0,16.166847364599654,0,0
385,0,0,0,0,0,0,18.26845071129006,0,0
386,0,0,0,0,0,0,14.330241874479018,0,0
387,0,0,0,0,0,0,19.03689405525178,0,0
388,0,0,0,0,0,0,18.249526695766853,0,0
389,0,0,0,0,0,0,20.037807418241158,0,0
390,0,0,0,0,0,0,21.777526580670475,0,0
391,0,0,0,0,0,0,17.16453430242011,0,0
392,0,0,0,0,0,0,19.383133708525698,0,0
393,0,0,0,0,0,0,14.498829221862835,0,0
394,0,0,0,0,0,0,19.75565801659423,0,0
395,0,0,0,0,0,0,16.211118208345507,0,0
396,0,0,0,0,0,0,18.594764551981314,0,0
397,0,0,0,0,0,0,16.155751767033735,0,0
398,0,0,0,0,0,0,18.29670058391657,0,0
399,0,0,0,0,0,0,17.65029039921692,0,0
400,0,0,0,0,0,0,24.35398332243546,0,0
401,0,0,0,0,0,0,15.134534640269571,0,0
402,0,0,0,0,0,0,16.3343762914347,0,0
403,0,0,0,0,0,0,16.61950732031702,0,0
404,0,0,0,0,0,0,17.977889988463655,0,0
405,0,0,0,0,0,0,18.631474868372088,0,0
406,0,0,0,0,0,0,14.8711555031675,0,0
407,0,0,0,0,0,0,16.432268636731287,0,0
408,0,0,0,0,0,0,18.283048889274454,0,0
409,0,0,0,0,0,0,21.642211962761873,0,0
410,0,0,0,0,0,0,14.032424240205236,0,0
411,0,0,0,0,0,0,16.468867275884957,0,0
412,0,0,0,0,0,0,15.387301664477398,0,0
413,0,0,0,0,0,0,21.849889824894102,0,0
414,0,0,0,0,0,0,16.9188568999002,0,0
415,0,0,0,0,0,0,19.64367563876042,0,0
416,0,0,0,0,0,0,15.918183892173793,0,0
417,0,0,0,0,0,0,18.543661685728857,0,0
418,0,0,0,0,0,0,17.88249381488116,0,0
419,0,0,0,0,0,0,18.550676055198082,0,0
420,0,0,0,0,0,0,19.3119634449987,0,0
421,0,0,0,0,0,0,18.539662855225657,0,0
422,0,0,0,0,0,0,17.871108615436487,0,0
423,0,0,0,0,0,0,19.869210276781608,0,0
424,0,0,0,0,0,0,20.70636464968493,0,0
425,0,0,0,0,0,0,21.098593579896615,0,0
426,0,0,0,0,0,0,14.955958336271644,0,0
427,0,0,0,0,0,0,16.042581289857935,0,0
428,0,0,0,0,0,0,13.936881672932826,0,0
429,0,0,0,0,0,0,20.018942178564597,0,0
430,0,0,0,0,0,0,14.564801370931978,0,0
431,0,0,0,0,0,0,18.43487208436582,0,0
432,0,0,0,0,0,0,15.727593496879573,0,0
433,0,0,0,0,0,0,18.170697912890557,0,0
434,0,0,0,0,0,0,17.086787927172466,0,0
435,0,0,0,0,0,0,15.556058971382376,0,0
436,0,0,0,0,0,0,20.441620746701837,0,0
437,0,0,0,0,0,0,18.478748057796828,0,0
438,0,0,0,0,0,0,18.178544454990252,0,0
439,0,0,0,0,0,0,17.22393926649171,0,0
440,0,0,0,0,0,0,15.300057272546013,0,0
441,0,0,0,0,0,0,26.748186760739344,0,0
442,0,0,0,0,0,0,23.316717386916913,0,0
443,0,0,0,0,0,0,19.959728949920155,0,0
444,0,0,0,0,0,0,21.237703120348904,0,0
445,0,0,0,0,0,0,17.473074544467064,0,0
446,0,0,0,0,0,0,19.44472448200417,0,0
447,0,0,0,0,0,0,16.38081605464425,0,0
448,0,0,0,0,0,0,22.485653845670974,0,0
449,0,0,0,0,0,0,22.574913550122982,0,0
450,0,0,0,0,0,0,18.299504930358488,0,0
451,0,0,0,0,0,0,18.69289199800273,0,0
452,0,0,0,0,0,0,13.808401689524912,0,0
453,0,0,0,0,0,0,17.956075514370234,0,0
454,0,0,0,0,0,0,16.601898621134453,0,0
455,0,0,0,0,0,0,19.062696760871972,0,0
456,0,0,0,0,0,0,17.587040173123437,0,0
457,0,0,0,0,0,0,19.925331681721808,0,0
458,0,0,0,0,0,0,14.896961804732952,0,0
459,0,0,0,0,0,0,21.569569705435903,0,0
460,0,0,0,0,0,0,14.789198112707913,0,0
461,0,0,0,0,0,0,20.404136944061733,0,0
462,0,0,0,0,0,0,20.57381871570159,0,0
463,0,0,0,0,0,0,19.067041762348943,0,0
464,0,0,0,0,0,0,19.417162062152542,0,0
465,0,0,0,0,0,0,15.93960181620555,0,0
466,0,0,0,0,0,0,16.33073941529369,0,0
467,0,0,0,0,0,0,13.202404739428005,0,0
468,0,0,0,0,0,0,18.408772514169513,0,0
469,0,0,0,0,0,0,16.743779026649705,0,0
470,0,0,0,0,0,0,19.052051299278354,0,0
471,0,0,0,0,0,0,19.272339887758903,0,0
472,0,0,0,0,0,0,23.863239826578273,0,0
473,0,0,0,0,0,0,16.04072733450323,0,0
474,0,0,0,0,0,0,19.32995757643262,0,0
475,0,0,0,0,0,0,21.609410697164595,0,0
476,0,0,0,0,0,0,24.62917414691691,0,0
477,0,0,0,0,0,0,17.049371252630813,0,0
478,0,0,0,0,0,0,18.351770413172197,0,0
479,0,0,0,0,0,0,18.5089413767871,0,0
480,0,0,0,0,0,0,19.597746839607545,0,0
481,0,0,0,0,0,0,18.08139524741742,0,0
482,0,0,0,0,0,0,21.63431767340368,0,0
483,0,0,0,0,0,0,20.260344369126187,0,0
484,0,0,0,0,0,0,16.346709016322606,0,0
485,0,0,0,0,0,0,24.271460903344412,0,0
486,0,0,0,0,0,0,18.886026332805457,0,0
487,0,0,0,0,0,0,21.874606233596758,0,0
488,0,0,0,0,0,0,19.71016413798207,0,0
489,0,0,0,0,0,0,19.53095575101728,0,0
490,0,0,0,0,0,0,20.31738254384527,0,0
491,0,0,0,0,0,0,15.22414844898585,0,0
492,0,0,0,0,0,0,23.01940520581399,0,0
493,0,0,0,0,0,0,20.945466710715436,0,0
494,0,0,0,0,0,0,15.162966176425577,0,0
495,0,0,0,0,0,0,23.406536746240803,0,0
496,0,0,0,0,0,0,17.465714158520903,0,0
497,0,0,0,0,0,0,21.20371125442303,0,0
498,0,0,0,0,0,0,18.161947101746303,0,0
499,0,0,0,0,0,0,17.550848198307996,0,0
500,0,0,0,0,0,0,15.963834017223485,0,0
501,0,0,0,0,0,0,22.86786450562483,0,0
502,0,0,0,0,0,0,16.72111747149839,0,0
503,0,0,0,0,0,0,16.400083927682537,0,0
504,0,0,0,0,0,0,17.40982068884987,0,0
505,0,0,0,0,0,0,20.760970599049823,0,0
506,0,0,0,0,0,0,24.619690528328725,0,0
507,0,0,0,0,0,0,16.441208865869154,0,0
508,0,0,0,0,0,0,21.230880349894058,0,0
509,0,0,0,0,0,0,14.585768154318227,0,0
510,0,0,0,0,0,0,20.041027452885196,0,0
511,0,0,0,0,0,0,20.34140149182848,0,0
512,0,0,0,0,0,0,17.05690883586598,0,0
513,0,0,0,0,0,0,16.55620277923398,0,0
514,0,0,0,0,0,0,17.958043195856508,0,0
515,0,0,0,0,0,0,14.720213919164177,0,0
516,0,0,0,0,0,0,19.083543895331765,0,0
517,0,0,0,0,0,0,16.7753706298796,0,0
518,0,0,0,0,0,0,21.793096272380303,0,0
519,0,0,0,0,0,0,22.807094843075987,0,0
520,0,0,0,0,0,0,18.210627391385547,0,0
521,0,0,0,0,0,0,16.653183058197243,0,0
522,0,0,0,0,0,0,17.113633955838985,0,0
523,0,0,0,0,0,0,18.369656087385387,0,0
524,0,0,0,0,0,0,18.623120638299582,0,0
525,0,0,0,0,0,0,18.282973432413456,0,0
526,0,0,0,0,0,0,20.980315693656344,0,0
527,0,0,0,0,0,0,15.696322110665658,0,0
528,0,0,0,0,0,0,18.944420614458902,0,0
529,0,0,0,0,0,0,19.801645092370144,0,0
530,0,0,0,0,0,0,18.16700174221759,0,0
531,0,0,0,0,0,0,19.45996140989693,0,0
532,0,0,0,0,0,0,20.51680868204825,0,0
533,0,0,0,0,0,0,16.554906808260647,0,0
534,0,0,0,0,0,0,22.310376582044505,0,0
535,0,0,0,0,0,0,22.677657677495873,0,0
536,0,0,0,0,0,0,16.696478893200826,0,0
537,0,0,0,0,0,0,12.053959821811462,0,0
538,0,0,0,0,0,0,16.438989563530786,0,0
539,0,0,0,0,0,0,14.726951861465931,0,0
540,0,0,0,0,0,0,18.23216556536083,0,0
541,0,0,0,0,0,0,18.611683867809766,0,0
542,0,0,0,0,0,0,22.636557401980717,0,0
543,0,0,0,0,0,0,18.74657367518908,0,0
544,0,0,0,0,0,0,16.15054008286491,0,0
545,0,0,0,0,0,0,20.43449355738472,0,0
546,0,0,0,0,0,0,24.428957047372833,0,0
547,0,0,0,0,0,0,15.487934836134459,0,0
548,0,0,0,0,0,0,17.83937412121476,0,0
549,0,0,0,0,0,0,17.26969889594775,0,0
550,0,0,0,0,0,0,17.842560086503532,0,0
551,0,0,0,0,0,0,15.596285298750601,0,0
552,0,0,0,0,0,0,13.442366574170693,0,0
553,0,0,0,0,0,0,16.257942664490507,0,0
554,0,0,0,0,0,0,18.523126013104758,0,0
555,0,0,0,0,0,0,16.07578769609951,0,0
556,0,0,0,0,0,0,16.534234926562785,0,0
557,0,0,0,0,0,0,15.381667431161283,0,0
558,0,0,0,0,0,0,20.639899254918287,0,0
559,0,0,0,0,0,0,19.198752641405527,0,0
560,0,0,0,0,0,0,15.542500267895079,0,0
561,0,0,0,0,0,0,16.585567849571483,0,0
562,0,0,0,0,0,0,19.210539221458106,0,0
563,0,0,0,0,0,0,16.303840692471823,0,0
564,0,0,0,0,0,0,19.83032056067302,0,0
565,0,0,0,0,0,0,15.34139345680306,0,0
566,0,0,0,0,0,0,17.07558638496222,0,0
567,0,0,0,0,0,0,19.443474363416286,0,0
568,0,0,0,0,0,0,20.700477592380732,0,0
569,0,0,0,0,0,0,18.742977207237033,0,0
570,0,0,0,0,0,0,21.08446115082721,0,0
571,0,0,0,0,0,0,20.38217605570204,0,0
572,0,0,0,0,0,0,18.112824927893634,0,0
573,0,0,0,0,0,0,23.809169510238423,0,0
574,0,0,0,0,0,0,18.69356820451527,0,0
575,0,0,0,0,0,0,20.486386952989864,0,0
576,0,0,0,0,0,0,18.96728375713129,0,0
577,0,0,0,0,0,0,20.014331374622138,0,0
578,0,0,0,0,0,0,15.073769637585006,0,0
579,0,0,0,0,0,0,21.537209864351695,0,0
580,0,0,0,0,0,0,15.79138969985706,0,0
581,0,0,0,0,0,0,20.25921502821648,0,0
582,0,0,0,0,0,0,14.323655046685042,0,0
583,0,0,0,0,0,0,19.38326408693379,0,0
584,0,0,0,0,0,0,17.97780764298677,0,0
585,0,0,0,0,0,0,25.091429420701225,0,0
586,0,0,0,0,0,0,18.470968134408277,0,0
587,0,0,0,0,0,0,18.119627727944426,0,0
588,0,0,0,0,0,0,17.586071271397795,0,0
589,0,0,0,0,0,0,15.40522434029839,0,0
590,0,0,0,0,0,0,17.02037669056312,0,0
591,0,0,0,0,0,0,18.0016895530389,0,0
592,0,0,0,0,0,0,17.600467185008654,0,0
593,0,0,0,0,0,0,16.048476594198835,0,0
594,0,0,0,0,0,0,15.55397793285725,0,0
595,0,0,0,0,0,0,23.713730493340595,0,0
596,0,0,0,0,0,0,13.791355569661405,0,0
597,0,0,0,0,0,0,17.508680375584596,0,0
598,0,0,0,0,0,0,20.098063017494496,0,0
599,0,0,0,0,0,0,14.56760370361792,0,0
600,0,0,0,0,0,0,17.206094823281816,0,0
601,0,0,0,0,0,0,18.046047856470622,0,0
602,0,0,0,0,0,0,20.811824382906927,0,0
603,0,0,0,0,0,0,16.063216729000715,0,0
604,0,0,0,0,0,0,17.415737665711653,0,0
605,0,0,0,0,0,0,15.910200992042425,0,0
606,0,0,0,0,0,0,17.170340312341672,0,0
607,0,0,0,0,0,0,17.203514305396993,0,0
608,0,0,0,0,0,0,20.447662196691283,0,0
609,0,0,0,0,0,0,17.229467992356454,0,0
610,0,0,0,0,0,0,19.72848795657793,0,0
611,0,0,0,0,0,0,15.459800594246826,0,0
612,0,0,0,0,0,0,13.092693765051667,0,0
613,0,0,0,0,0,0,16.34763977602973,0,0
614,0,0,0,0,0,0,15.617106284318776,0,0
615,0,0,0,0,0,0,18.51537205772832,0,0
616,0,0,0,0,0,0,17.029243603435518,0,0
617,0,0,0,0,0,0,16.647105627912254,0,0
618,0,0,0,0,0,0,20.222314152603815,0,0
619,0,0,0,0,0,0,17.039728080960753,0,0
620,0,0,0,0,0,0,19.25783275835377,0,0
621,0,0,0,0,0,0,15.463287541559065,0,0
622,0,0,0,0,0,0,18.348746281800764,0,0
623,0,0,0,0,0,0,16.194957453611657,0,0
624,0,0,0,0,0,0,18.536038067737667,0,0
625,0,0,0,0,0,0,18.438124660600003,0,0
626,0,0,0,0,0,0,17.250759926445348,0,0
627,0,0,0,0,0,0,18.84659740026708,0,0
628,0,0,0,0,0,0,15.191611175473732,0,0
629,0,0,0,0,0,0,19.942028459867842,0,0
630,0,0,0,0,0,0,17.619672708439516,0,0
631,0,0,0,0,0,0,16.7065087317645,0,0
632,0,0,0,0,0,0,16.722225680353016,0,0
633,0,0,0,0,0,0,18.75615869340064,0,0
634,0,0,0,0,0,0,19.053952662618197,0,0
635,0,0,0,0,0,0,15.286457076967627,0,0
636,0,0,0,0,0,0,13.20141067263162,0,0
637,0,0,0,0,0,0,18.348977544666667,0,0
638,0,0,0,0,0,0,17.880269891048286,0,0
639,0,0,0,0,0,0,15.450966153174027,0,0
640,0,0,0,0,0,0,23.522245327974964,0,0
641,0,0,0,0,0,0,21.001907787688737,0,0
642,0,0,0,0,0,0,23.70901047783908,0,0
643,0,0,0,0,0,0,17.41237144642926,0,0
644,0,0,0,0,0,0,18.50504882607162,0,0
645,0,0,0,0,0,0,23.814871125978684,0,0
646,0,0,0,0,0,0,14.21500661203298,0,0
647,0,0,0,0,0,0,17.302159984174118,0,0
648,0,0,0,0,0,0,21.0270097173183,0,0
649,0,0,0,0,0,0,19.36692018552919,0,0
650,0,0,0,0,0,0,16.04330251642407,0,0
651,0,0,0,0,0,0,16.1395716405737,0,0
652,0,0,0,0,0,0,17.575722388323094,0,0
653,0,0,0,0,0,0,14.62535490074629,0,0
654,0,0,0,0,0,0,22.27138487835362,0,0
655,0,0,0,0,0,0,19.719197414205716,0,0
656,0,0,0,0,0,0,16.402991779399244,0,0
657,0,0,0,0,0,0,15.75109966257413,0,0
658,0,0,0,0,0,0,21.237404289311634,0,0
659,0,0,0,0,0,0,16.52564940788447,0,0
660,0,0,0,0,0,0,18.618874441060072,0,0
661,0,0,0,0,0,0,16.537388035109192,0,0
662,0,0,0,0,0,0,20.51746478470752,0,0
663,0,0,0,0,0,0,15.975016602044462,0,0
664,0,0,0,0,0,0,24.781411094936065,0,0
665,0,0,0,0,0,0,18.49529828709935,0,0
666,0,0,0,0,0,0,15.573763295568222,0,0
667,0,0,0,0,0,0,15.713506951927787,0,0
668,0,0,0,0,0,0,14.748432981158228,0,0
669,0,0,0,0,0,0,14.225594750493128,0,0
670,0,0,0,0,0,0,15.947025831568222,0,0
671,0,0,0,0,0,0,23.199738580780505,0,0
672,0,0,0,0,0,0,16.4097576037718,0,0
673,0,0,0,0,0,0,21.731079425545694,0,0
674,0,0,0,0,0,0,17.076127625955166,0,0
675,0,0,0,0,0,0,17.95438546796253,0,0
676,0,0,0,0,0,0,16.250065623843938,0,0
677,0,0,0,0,0,0,25.592655169999844,0,0
678,0,0,0,0,0,0,20.491616904367877,0,0
679,0,0,0,0,0,0,13.536696564381376,0,0
680,0,0,0,0,0,0,20.165590637792093,0,0
681,0,0,0,0,0,0,20.40345022893897,0,0
682,0,0,0,0,0,0,20.703975259348198,0,0
683,0,0,0,0,0,0,15.240397916107097,0,0
684,0,0,0,0,0,0,19.78714457138651,0,0
685,0,0,0,0,0,0,20.295707767008516,0,0
686,0,0,0,0,0,0,18.51074419491185,0,0
687,0,0,0,0,0,0,20.459837275837526,0,0
688,0,0,0,0,0,0,16.30068382434756,0,0
689,0,0,0,0,0,0,19.88360985481234,0,0
690,0,0,0,0,0,0,19.023311783204374,0,0
691,0,0,0,0,0,0,18.06970964661199,0,0
692,0,0,0,0,0,0,17.688635433456348,0,0
693,0,0,0,0,0,0,20.309025579502993,0,0
694,0,0,0,0,0,0,17.485252701277695,0,0
695,0,0,0,0,0,0,19.007457409163408,0,0
696,0,0,0,0,0,0,18.993768690288114,0,0
697,0,0,0,0,0,0,23.85986430608068,0,0
698,0,0,0,0,0,0,13.78572415278127,0,0
699,0,0,0,0,0,0,19.364666636326692,0,0
700,0,0,0,0,0,0,23.859858947722785,0,0
701,0,0,0,0,0,0,18.08593690912295,0,0
702,0,0,0,0,0,0,20.417803485346212,0,0
703,0,0,0,0,0,0,18.205159194440437,0,0
704,0,0,0,0,0,0,17.969040811102342,0,0
705,0,0,0,0,0,0,17.62117073746474,0,0
706,0,0,0,0,0,0,17.54906585905487,0,0
707,0,0,0,0,0,0,16.85593863169183,0,0
708,0,0,0,0,0,0,19.415309935231196,0,0
709,0,0,0,0,0,0,14.558159271012865,0,0
710,0,0,0,0,0,0,20.93670213361962,0,0
711,0,0,0,0,0,0,21.667421182761615,0,0
712,0,0,0,0,0,0,13.207871814776682,0,0
713,0,0,0,0,0,0,16.045415798749154,0,0
714,0,0,0,0,0,0,14.884371076901939,0,0
715,0,0,0,0,0,0,20.436594155608955,0,0
716,0,0,0,0,0,0,20.105618921696163,0,0
717,0,0,0,0,0,0,21.157021034059568,0,0
718,0,0,0,0,0,0,20.77509603478173,0,0
719,0,0,0,0,0,0,15.909457931873593,0,0
720,0,0,0,0,0,0,18.863425330035728,0,0
721,0,0,0,0,0,0,17.92417615864293,0,0
722,0,0,0,0,0,0,14.945990611738647,0,0
723,0,0,0,0,0,0,16.86497214347113,0,0
724,0,0,0,0,0,0,19.50360520954174,0,0
725,0,0,0,0,0,0,16.748569379321484,0,0
726,0,0,0,0,0,0,15.650013106498125,0,0
727,0,0,0,0,0,0,15.90889509121852,0,0
728,0,0,0,0,0,0,17.35328240609337,0,0
729,0,0,0,0,0,0,21.29164679773056,0,0
730,0,0,0,0,0,0,14.987069882186683,0,0
731,0,0,0,0,0,0,17.876199262555424,0,0
732,0,0,0,0,0,0,21.872324411023698,0,0
733,0,0,0,0,0,0,18.596056452131712,0,0
734,0,0,0,0,0,0,14.118399161242028,0,0
735,0,0,0,0,0,0,21.541280067649424,0,0
736,0,0,0,0,0,0,15.116525995974893,0,0
737,0,0,0,0,0,0,14.496437240391536,0,0
738,0,0,0,0,0,0,19.815432854978987,0,0
739,0,0,0,0,0,0,20.674040133585855,0,0
740,0,0,0,0,0,0,19.655419973343463,0,0
741,0,0,0,0,0,0,15.747817520823357,0,0
742,0,0,0,0,0,0,17.62712947755839,0,0
743,0,0,0,0,0,0,18.67162711753597,0,0
744,0,0,0,0,0,0,18.741682200719097,0,0
745,0,0,0,0,0,0,21.960467978390234,0,0
746,0,0,0,0,0,0,16.68913346912208,0,0
747,0,0,0,0,0,0,18.220286129944235,0,0
748,0,0,0,0,0,0,19.601085272085406,0,0
749,0,0,0,0,0,0,20.476704757693483,0,0
750,0,0,0,0,0,0,23.095380987587003,0,0
751,0,0,0,0,0,0,16.88732500516927,0,0
752,0,0,0,0,0,0,18.639745386088222,0,0
753,0,0,0,0,0,0,19.32400127874092,0,0
754,0,0,0,0,0,0,15.82183527528167,0,0
755,0,0,0,0,0,0,18.106488701900997,0,0
756,0,0,0,0,0,0,18.753680533490922,0,0
757,0,0,0,0,0,0,19.22392424353274,0,0
758,0,0,0,0,0,0,19.60958172800263,0,0
759,0,0,0,0,0,0,14.56643686760799,0,0
760,0,0,0,0,0,0,17.52356106934095,0,0
761,0,0,0,0,0,0,14.848807576747902,0,0
762,0,0,0,0,0,0,18.02408436494393,0,0
763,0,0,0,0,0,0,19.22209501149899,0,0
764,0,0,0,0,0,0,21.10243960497104,0,0
765,0,0,0,0,0,0,19.593760182020553,0,0
766,0,0,0,0,0,0,13.234311996130227,0,0
767,0,0,0,0,0,0,18.399747173182565,0,0
768,0,0,0,0,0,0,20.288394892373052,0,0
769,0,0,0,0,0,0,26.118019467897255,0,0
770,0,0,0,0,0,0,18.421698176805812,0,0
771,0,0,0,0,0,0,14.141204225565358,0,0
772,0,0,0,0,0,0,17.547936111020306,0,0
773,0,0,0,0,0,0,17.628186775767066,0,0
774,0,0,0,0,0,0,18.780744445584045,0,0
775,0,0,0,0,0,0,20.73582766864424,0,0
776,0,0,0,0,0,0,19.07350103249948,0,0
777,0,0,0,0,0,0,19.82528424400271,0,0
778,0,0,0,0,0,0,15.904419113935427,0,0
779,0,0,0,0,0,0,14.472219282656512,0,0
780,0,0,0,0,0,0,20.68640031840864,0,0
781,0,0,0,0,0,0,20.994067902198058,0,0
782,0,0,0,0,0,0,17.827103547601716,0,0
783,0,0,0,0,0,0,19.535050030379516,0,0
784,0,0,0,0,0,0,16.193956506151874,0,0
785,0,0,0,0,0,0,18.957773322645856,0,0
786,0,0,0,0,0,0,17.180697085430356,0,0
787,0,0,0,0,0,0,17.81690376970476,0,0
788,0,0,0,0,0,0,20.10272358195897,0,0
789,0,0,0,0,0,0,19.041693200766186,0,0
790,0,0,0,0,0,0,16.864505310171673,0,0
791,0,0,0,0,0,0,18.8749870036447,0,0
792,0,0,0,0,0,0,16.384043482933635,0,0
793,0,0,0,0,0,0,22.48804353475527,0,0
794,0,0,0,0,0,0,21.745840694123096,0,0
795,0,0,0,0,0,0,17.79346386629797,0,0
796,0,0,0,0,0,0,21.134008207975484,0,0
797,0,0,0,0,0,0,17.34785658938555,0,0
798,0,0,0,0,0,0,21.114938924594476,0,0
799,0,0,0,0,0,0,20.311438227649738,0,0
800,0,0,0,0,0,0,17.119311144620763,0,0
801,0,0,0,0,0,0,15.321173438329179,0,0
802,0,0,0,0,0,0,23.78238541688326,0,0
803,0,0,0,0,0,0,20.474710243633332,0,0
804,0,0,0,0,0,0,20.855133668090236,0,0
805,0,0,0,0,0,0,15.079600029880142,0,0
806,0,0,0,0,0,0,20.063424320499955,0,0
807,0,0,0,0,0,0,18.349211052262497,0,0
808,0,0,0,0,0,0,21.54682677395226,0,0
809,0,0,0,0,0,0,18.242033751588952,0,0
810,0,0,0,0,0,0,15.292978033550167,0,0
811,0,0,0,0,0,0,14.734954372299375,0,0
812,0,0,0,0,0,0,17.52999179016707,0,0
813,0,0,0,0,0,0,20.730209473853996,0,0
814,0,0,0,0,0,0,14.316510648847974,0,0
815,0,0,0,0,0,0,18.916053954824623,0,0
816,0,0,0,0,0,0,17.833831683242956,0,0
817,0,0,0,0,0,0,16.429368320830896,0,0
818,0,0,0,0,0,0,21.973463445989083,0,0
819,0,0,0,0,0,0,18.456438776695794,0,0
820,0,0,0,0,0,0,16.779204091677464,0,0
821,0,0,0,0,0,0,13.702146001309508,0,0
822,0,0,0,0,0,0,16.596311605907857,0,0
823,0,0,0,0,0,0,15.667812123615718,0,0
824,0,0,0,0,0,0,25.873682699942414,0,0
825,0,0,0,0,0,0,17.92085565739663,0,0
826,0,0,0,0,0,0,18.74571921111367,0,0
827,0,0,0,0,0,0,14.040620289510038,0,0
828,0,0,0,0,0,0,15.984160856982694,0,0
829,0,0,0,0,0,0,15.561668823487707,0,0
830,0,0,0,0,0,0,15.687975155935515,0,0
831,0,0,0,0,0,0,22.29145343502451,0,0
832,0,0,0,0,0,0,24.60203120259961,0,0
833,0,0,0,0,0,0,22.30463088441126,0,0
834,0,0,0,0,0,0,16.963929384021245,0,0
835,0,0,0,0,0,0,17.08191609797229,0,0
836,0,0,0,0,0,0,22.830711308232893,0,0
837,0,0,0,0,0,0,20.487960415679353,0,0
838,0,0,0,0,0,0,19.144214612404145,0,0
839,0,0,0,0,0,0,15.135314844517342,0,0
840,0,0,0,0,0,0,21.91552781414589,0,0
841,0,0,0,0,0,0,15.539972272990676,0,0
842,0,0,0,0,0,0,18.55308398571404,0,0
843,0,0,0,0,0,0,15.231966857013159,0,0
844,0,0,0,0,0,0,17.453709949401073,0,0
845,0,0,0,0,0,0,21.809980272429065,0,0
846,0,0,0,0,0,0,16.209153118016175,0,0
847,0,0,0,0,0,0,14.862424105825895,0,0
848,0,0,0,0,0,0,18.195542319398946,0,0
849,0,0,0,0,0,0,14.126645369862176,0,0
850,0,0,0,0,0,0,16.552675985624784,0,0
851,0,0,0,0,0,0,17.885106030497244,0,0
852,0,0,0,0,0,0,16.102598417596028,0,0
853,0,0,0,0,0,0,18.185919551508746,0,0
854,0,0,0,0,0,0,13.898906632564081,0,0
855,0,0,0,0,0,0,20.947049473886246,0,0
856,0,0,0,0,0,0,19.5152106497115,0,0
857,0,0,0,0,0,0,22.405459295502943,0,0
858,0,0,0,0,0,0,15.527550555992416,0,0
859,0,0,0,0,0,0,13.95685433915098,0,0
860,0,0,0,0,0,0,17.14949444570207,0,0
861,0,0,0,0,0,0,20.75200834459899,0,0
862,0,0,0,0,0,0,17.64801702296165,0,0
863,0,0,0,0,0,0,21.693066868270122,0,0
864,0,0,0,0,0,0,18.375498098921287,0,0
865,0,0,0,0,0,0,19.424094591945575,0,0
866,0,0,0,0,0,0,21.32400649523248,0,0
867,0,0,0,0,0,0,20.70527305247763,0,0
868,0,0,0,0,0,0,17.809198430726525,0,0
869,0,0,0,0,0,0,20.177284739841582,0,0
870,0,0,0,0,0,0,15.394653688420345,0,0
871,0,0,0,0,0,0,17.069182759051294,0,0
872,0,0,0,0,0,0,17.700646155441987,0,0
873,0,0,0,0,0,0,19.604979136003887,0,0
874,0,0,0,0,0,0,22.634690660937878,0,0
875,0,0,0,0,0,0,16.460288551151812,0,0
876,0,0,0,0,0,0,14.528004093729315,0,0
877,0,0,0,0,0,0,18.023318319299683,0,0
878,0,0,0,0,0,0,20.445973816086905,0,0
879,0,0,0,0,0,0,18.43362040205785,0,0
880,0,0,0,0,0,0,19.17202102987866,0,0
881,0,0,0,0,0,0,13.157327893040577,0,0
882,0,0,0,0,0,0,15.212962829208134,0,0
883,0,0,0,0,0,0,18.323954746651978,0,0
884,0,0,0,0,0,0,20.205863797977635,0,0
885,0,0,0,0,0,0,14.777109767466698,0,0
886,0,0,0,0,0,0,16.94018192058777,0,0
887,0,0,0,0,0,0,12.753500131024882,0,0
888,0,0,0,0,0,0,22.747615064098994,0,0
889,0,0,0,0,0,0,19.321542415565684,0,0
890,0,0,0,0,0,0,21.7859670644549,0,0
891,0,0,0,0,0,0,23.065385416758378,0,0
892,0,0,0,0,0,0,17.375531482880618,0,0
893,0,0,0,0,0,0,17.72960046021425,0,0
894,0,0,0,0,0,0,14.744111425258268,0,0
895,0,0,0,0,0,0,16.30344375418842,0,0
896,0,0,0,0,0,0,14.626964775412869,0,0
897,0,0,0,0,0,0,28.429086060296683,0,0
898,0,0,0,0,0,0,17.030021003965565,0,0
899,0,0,0,0,0,0,17.389043812047596,0,0
900,0,0,0,0,0,0,15.855262045705734,0,0
901,0,0,0,0,0,0,25.000949273388414,0,0
902,0,0,0,0,0,0,14.200068345907862,0,0
903,0,0,0,0,0,0,18.082387310490777,0,0
904,0,0,0,0,0,0,17.268698935876237,0,0
905,0,0,0,0,0,0,18.20139463926904,0,0
906,0,0,0,0,0,0,21.188289532549682,0,0
907,0,0,0,0,0,0,19.942845046271984,0,0
908,0,0,0,0,0,0,15.476670965316737,0,0
909,0,0,0,0,0,0,22.70920904409873,0,0
910,0,0,0,0,0,0,21.929034825330046,0,0
911,0,0,0,0,0,0,18.91731094646903,0,0
912,0,0,0,0,0,0,19.186820865731995,0,0
913,0,0,0,0,0,0,20.368471831590337,0,0
914,0,0,0,0,0,0,12.863623450342406,0,0
915,0,0,0,0,0,0,20.92434886592566,0,0
916,0,0,0,0,0,0,15.777016242068648,0,0
917,0,0,0,0,0,0,15.399969469401862,0,0
918,0,0,0,0,0,0,20.358905347099263,0,0
919,0,0,0,0,0,0,18.770961041251773,0,0
920,0,0,0,0,0,0,17.42114332301515,0,0
921,0,0,0,0,0,0,17.893071961931483,0,0
922,0,0,0,0,0,0,11.945367120975954,0,0
923,0,0,0,0,0,0,18.736144565046033,0,0
924,0,0,0,0,0,0,20.10318607606719,0,0
925,0,0,0,0,0,0,22.398275694172145,0,0
926,0,0,0,0,0,0,19.222776390787438,0,0
927,0,0,0,0,0,0,13.632619707548077,0,0
928,0,0,0,0,0,0,16.924334836476852,0,0
929,0,0,0,0,0,0,17.998683421159694,0,0
930,0,0,0,0,0,0,17.44132680208859,0,0
931,0,0,0,0,0,0,17.11946640345484,0,0
932,0,0,0,0,0,0,20.33316866256358,0,0
933,0,0,0,0,0,0,17.891022540710157,0,0
934,0,0,0,0,0,0,15.68266256482417,0,0
935,0,0,0,0,0,0,17.936734776995685,0,0
936,0,0,0,0,0,0,19.251649068753025,0,0
937,0,0,0,0,0,0,20.89227796077891,0,0
938,0,0,0,0,0,0,20.697888725333208,0,0
939,0,0,0,0,0,0,14.391167395664144,0,0
940,0,0,0,0,0,0,19.25196272251277,0,0
941,0,0,0,0,0,0,15.507009481505591,0,0
942,0,0,0,0,0,0,18.4308518993163,0,0
943,0,0,0,0,0,0,16.81996740315902,0,0
944,0,0,0,0,0,0,20.31231592603514,0,0
945,0,0,0,0,0,0,18.00327881727447,0,0
946,0,0,0,0,0,0,16.471203367673574,0,0
947,0,0,0,0,0,0,14.722472569927636,0,0
948,0,0,0,0,0,0,21.61340170638625,0,0
949,0,0,0,0,0,0,17.762230700155634,0,0
950,0,0,0,0,0,0,16.5979283624482,0,0
951,0,0,0,0,0,0,16.79655725066972,0,0
952,0,0,0,0,0,0,21.79269450127829,0,0
953,0,0,0,0,0,0,16.275937722487836,0,0
954,0,0,0,0,0,0,15.773562462944675,0,0
955,0,0,0,0,0,0,22.07341675368154,0,0
956,0,0,0,0,0,0,21.29534866177506,0,0
957,0,0,0,0,0,0,18.00044858170244,0,0
958,0,0,0,0,0,0,15.012036320135287,0,0
959,0,0,0,0,0,0,15.664610142562331,0,0
960,0,0,0,0,0,0,19.4398091053554,0,0
961,0,0,0,0,0,0,24.648818149268973,0,0
962,0,0,0,0,0,0,20.882574876432884,0,0
963,0,0,0,0,0,0,18.917804796034766,0,0
964,0,0,0,0,0,0,24.84933414722834,0,0
965,0,0,0,0,0,0,18.732223365684696,0,0
966,0,0,0,0,0,0,20.018777362613065,0,0
967,0,0,0,0,0,0,17.9919459090065,0,0
968,0,0,0,0,0,0,17.471781508775084,0,0
969,0,0,0,0,0,0,18.336515259218455,0,0
970,0,0,0,0,0,0,14.502184484845905,0,0
971,0,0,0,0,0,0,21.528744056046918,0,0
972,0,0,0,0,0,0,13.255419181151055,0,0
973,0,0,0,0,0,0,18.939539233104767,0,0
974,0,0,0,0,0,0,14.967849869061087,0,0
975,0,0,0,0,0,0,19.3381240285317,0,0
976,0,0,0,0,0,0,16.862453552255413,0,0
977,0,0,0,0,0,0,12.923099313713813,0,0
978,0,0,0,0,0,0,17.56398438078422,0,0
979,0,0,0,0,0,0,19.383872613058173,0,0
980,0,0,0,0,0,0,17.35407850135551,0,0
981,0,0,0,0,0,0,16.75565175647479,0,0
982,0,0,0,0,0,0,16.240363950048184,0,0
983,0,0,0,0,0,0,21.577802453336687,0,0
984,0,0,0,0,0,0,18.93077759795402,0,0
985,0,0,0,0,0,0,21.138147601239552,0,0
986,0,0,0,0,0,0,23.63787736376723,0,0
987,0,0,0,0,0,0,19.358388230134878,0,0
988,0,0,0,0,0,0,21.70288449049952,0,0
989,0,0,0,0,0,0,19.664242029997023,0,0
990,0,0,0,0,0,0,17.826468353902833,0,0
991,0,0,0,0,0,0,20.95930134453267,0,0
992,0,0,0,0,0,0,15.611435616928816,0,0
993,0,0,0,0,0,0,17.95493640810968,0,0
994,0,0,0,0,0,0,24.263818837222544,0,0
995,0,0,0,0,0,0,17.15759039679702,0,0
996,0,0,0,0,0,0,14.410518597656356,0,0
997,0,0,0,0,0,0,18.994331174548385,0,0
998,0,0,0,0,0,0,20.35678479243355,0,0
999,0,0,0,0,0,0,17.80949699689961,0,0
1000,0,0,0,0,0,0,18.585005204151805,0,0
